{
  "project_info": {
    "project_number": "14851960992",
    "project_id": "examopd-d5647",
    "storage_bucket": "examopd-d5647.appspot.com"
  },
  "client": [
    {
      "client_info": {
        "mobilesdk_app_id": "1:14851960992:android:93585d9a2473dbbdbf19c5",
        "android_client_info": {
          "package_name": "examOPD.com"
        }
      },
      "oauth_client": [],
      "api_key": [
        {
          "current_key": "AIzaSyCuI-bGCCa_7Ce2X7MsWdx2oqj4nARJqh4"
        }
      ],
      "services": {
        "appinvite_service": {
          "other_platform_oauth_client": []
        }
      }
    }
  ],
  "configuration_version": "1"
}